MinReturn,MeanKL,AverageDiscountedReturn,AverageReturn,AverageAbsQYDiff,NumTrajs,AveragePolicyStd,PolicyExecTime,dLoss,AbsLearnSignalOld,AverageY,AverageAbsY,EnvExecTime,Iteration,StdReturn,Time,MeanKLBefore,ExplainedVariance,AbsLearnSignalNew,ProcessExecTime,LossBefore,AverageAbsQ,AverageQLoss,Perplexity,LossAfter,ItrTime,AbsLearnSignal,Entropy,MaxReturn,AverageQ
-368.3706952099677,0.00644478,-106.49109902754917,-217.4951716051225,2.175101716634683,10,1.0,0.5989596843719482,0.18449569,0.8451965636197833,-2.296730530123015,3.056487563608968,0.2788248062133789,0,112.97336259459738,4.66161584854126,0.0,3.394728942396341e-12,0.8451153410807164,0.01587224006652832,3.9063058,2.6458383,57.569477,17.079468,3.72181,4.661603927612305,0.8451153410807164,2.837877,-60.55404326397998,-2.2325137
-423.9666526269834,0.0064615137,-79.4888520801567,-179.42595994037436,2.0482366729873407,9,0.99775827,0.46872758865356445,0.20406961,0.5819188493969412,-3.3118771972311554,3.9811819906778885,0.28496313095092773,1,115.42043802911338,8.860327243804932,0.0,-1.0358042062766177,0.5806751383610739,0.015387535095214844,3.929209,3.8103046,46.81138,17.002983,3.7251394,4.183793544769287,0.5806751383610739,2.8333888,-42.03571129839349,-3.3110573
-336.7556947559551,0.006681637,-51.77110369961055,-128.2675328708641,2.0074505155770903,9,0.9987572,0.4679293632507324,0.2046578,0.44169441784235064,-4.161270587447003,5.172505596958232,0.2714989185333252,2,110.51984428405507,12.961821794509888,0.0,-1.4678995009732687,0.4415995988418284,0.01573014259338379,3.616108,5.0531754,37.58922,17.037016,3.4114501,4.096227169036865,0.4415995988418284,2.8353884,-14.488223912056355,-4.161436
-197.26105937413757,0.00687536,-24.445899612287032,-65.42803414201022,1.9388818955850042,8,0.9986613,0.4940211772918701,0.17744708,0.6726525928958087,-4.35442658483727,6.051750899372361,0.32133030891418457,3,71.27623448544078,17.252779722213745,0.0,-0.07835310598562062,0.6734426746999205,0.016501188278198242,2.242513,5.8671036,32.94421,17.033703,2.0650659,4.249842643737793,0.6734426746999205,2.8351939,7.795493820055938,-4.35536
-191.58656186451827,0.0066498793,-29.468116038014806,-83.47942924598182,1.8932724346163732,8,0.9982243,0.5956883430480957,0.1790986,0.5381730887006787,-4.988713090471265,7.231919878266126,0.45969700813293457,4,52.80398720164293,21.728583335876465,0.0,-3.328022684944348,0.5391176835221421,0.020244836807250977,4.3552365,7.097494,26.807758,17.018852,4.176138,4.470906972885132,0.5391176835221421,2.8343217,-12.60985223667646,-4.9814234
-254.09473035061905,0.0066997437,-41.0904781222594,-120.49779355214389,1.7807177130724534,7,0.9970435,0.48401880264282227,0.18019485,0.7087270944350346,-5.354443584775585,8.626449031161892,0.3238637447357178,5,96.54729579545518,25.88207769393921,0.0,-4.8833684973717375,0.7093244450741513,0.01592731475830078,5.040412,8.4963255,22.900013,16.978613,4.860217,4.148103713989258,0.7093244450741513,2.8319545,12.608903684138696,-5.3492417
-267.3551365866168,0.0067059435,-13.259538972463025,-73.3080814244994,1.7298703380147846,6,0.99854153,0.4750394821166992,0.15568638,0.5367941485618254,-5.330199535041422,9.341716459937143,0.354461669921875,6,97.79289015791159,30.164310216903687,0.0,-1.1694727944132035,0.5375887372829914,0.015335321426391602,4.2060995,9.241596,19.609774,17.029675,4.050413,4.242368698120117,0.5375887372829914,2.8349574,31.006222864504224,-5.331673
-175.7019429486828,0.00680795,-25.901175880061317,-103.00155602926621,1.6505584541201914,6,0.9971037,0.473604679107666,0.15595269,0.60646929844639,-5.232607348691266,10.326375398129898,0.35345983505249023,7,66.53130490572941,34.42314267158508,0.0,-1.7471325381118779,0.6069035015435018,0.01570749282836914,3.828005,10.222395,16.245014,16.980677,3.6720524,4.251695394515991,0.6069035015435018,2.832076,-10.00769958724257,-5.232358
-202.5764444340457,0.0066357856,-22.745430470578906,-94.10143410592202,1.6272053755165976,7,0.9970057,0.5581417083740234,0.15996313,0.8023443642122922,-4.914482351467503,11.081975187028652,0.43315768241882324,8,80.88776871764942,38.79410982131958,0.0,-0.0164909785972418,0.801297059542346,0.019186973571777344,3.0058272,10.964358,15.693549,16.97733,2.845864,4.366079568862915,0.801297059542346,2.831879,8.106915338720611,-4.9112587
-341.1363016864269,0.0066566863,-10.049817079671392,-81.48420852197256,1.6000630709130925,5,0.9961295,0.49605417251586914,0.16627216,0.591142641387757,-4.715543199932032,11.894628552158531,0.4066276550292969,9,131.05119606525855,43.078521966934204,0.0,-0.4908734884269297,0.591542372694667,0.01629042625427246,4.489291,11.787063,14.524681,16.947443,4.323019,4.243884086608887,0.591542372694667,2.830117,15.040449448605116,-4.712102
6.673804037923929,0.006754489,29.42152468317728,11.356356124026897,1.608806391698925,3,0.99846196,0.6830000877380371,0.110798836,0.5303697418049154,-5.061282031626836,12.954676401306909,1.2984795570373535,10,6.619063580917932,48.390419244766235,0.0,-37991.16030588452,0.5303886358955736,0.021292924880981445,10.852019,12.840081,13.081869,17.026499,10.74122,5.303561449050903,0.5303886358955736,2.834771,20.717125275775814,-5.0513906
7.510329468108864,0.009902761,24.700984894423044,12.90941052778648,1.6309674295058787,2,0.9950298,0.5826716423034668,0.14789963,0.636976264937933,-5.848191294174841,14.502360896643623,1.3373548984527588,11,5.399081059677616,53.65012288093567,0.0,-2.339138900019959,0.6388937145800222,0.01778125762939453,18.006678,14.403363,12.530436,16.909899,17.858778,5.254769802093506,0.6388937145800222,2.8278992,18.308491587464097,-5.847892
49.982677548903425,0.0068173106,14.27761404411559,49.982677548903425,1.6863238399406049,1,0.9958141,0.49646973609924316,0.08563042,0.7025706209139932,-6.501187396368774,15.784367974790296,0.8334026336669922,12,0.0,58.322943687438965,0.0,-0.22599814107162386,0.7079532435721864,0.015069007873535156,21.724684,15.6849,13.016429,16.936775,21.639053,4.632124423980713,0.7079532435721864,2.8294873,49.982677548903425,-6.4950204
-7.414717185344142,0.00655574,24.384298225336032,1.2021608545340725,1.651315458746022,2,0.9934586,0.6390643119812012,0.11484432,0.686545622748353,-6.3498401912765825,16.30788288702222,1.8059773445129395,13,8.616878039878214,64.20590829849243,0.0,-0.7535690816967962,0.6851720567670753,0.019425153732299805,15.672505,16.211456,12.305452,16.856749,15.557661,5.877293586730957,0.6851720567670753,2.8247511,9.819038894412287,-6.345569
-11.312459180762627,0.006658871,6.493865694003313,-11.312459180762627,1.6119545674338362,1,0.99706614,0.5108122825622559,0.07382202,0.7940541302245397,-6.446494260093957,17.24596726392769,1.840827465057373,14,0.0,69.91728973388672,0.0,-0.24898853253477893,0.794367781623924,0.015315771102905273,18.298807,17.15134,10.75613,16.97939,18.224985,5.670144081115723,0.794367781623924,2.8320003,-11.312459180762627,-6.445549
-88.90275159354472,0.009994847,28.132611565067343,-88.90275159354472,1.5833005392505801,1,0.9956102,0.516669750213623,0.10916901,0.5703484858779144,-6.318912606413734,17.96843891016528,1.1771132946014404,15,0.0,75.01758027076721,0.0,-0.5770921994669931,0.574222528918238,0.01688075065612793,21.266916,17.89621,10.120693,16.929718,21.157747,5.091655254364014,0.574222528918238,2.8290706,-88.90275159354472,-6.3208265
-201.87577660578455,0.0067736073,5.994610052377416,-182.77699483342923,1.541988256501895,2,0.9957143,0.578857421875,0.096820325,0.5399558328228203,-4.775141854952499,17.45802703761508,1.0868823528289795,16,19.098781772355323,80.11508536338806,0.0,-1.3318998711474008,0.5400440191317221,0.017557621002197266,0.24539445,17.37302,10.877584,16.933254,0.14857413,5.05712366104126,0.5400440191317221,2.8292794,-163.6782130610739,-4.773851
74.5259219622071,0.0066684396,42.70006202953959,74.5259219622071,1.541970679663089,1,0.9959651,0.5201778411865234,0.111530304,0.8317181054263686,-4.559978448541784,18.065057835035265,1.1232545375823975,17,0.0,85.19538187980652,0.0,-24.90594594742056,0.8312745450619384,0.01586151123046875,20.03584,17.978266,10.680979,16.941423,19.924309,5.0746750831604,0.8312745450619384,2.8297617,74.5259219622071,-4.560829
-363.6175903361719,0.006964705,-1.8563553382798785,-198.87201429998447,1.502289023054808,2,0.9931482,0.7859852313995361,0.076275826,0.5766415348269865,-4.264754001668655,17.994958733696823,2.6063973903656006,18,164.7455760361874,92.0702292919159,0.0,-2.75283670497003,0.5771261207201085,0.023491382598876953,6.6364956,17.90808,9.895888,16.845724,6.56022,6.83270001411438,0.5771261207201085,2.824097,-34.12643826379706,-4.2633123
-244.74404095860757,0.006984514,10.46079348129558,-148.99202963918844,1.4912781810210878,2,0.99206626,0.686450719833374,0.12445831,0.6309289538391585,-3.537123850596711,17.787161606910658,1.6304237842559814,19,95.75201131941914,97.7504529953003,0.0,-0.6077983246614491,0.6299699978097127,0.021328449249267578,5.930207,17.704754,9.968644,16.80939,5.8057485,5.674832820892334,0.6299699978097127,2.8219376,-53.240018319769305,-3.539853
-56.44825502916301,0.0069274446,16.140587986606892,-56.44825502916301,1.4886275911654465,1,0.9913229,0.4983201026916504,0.093108654,0.6500699169729101,-2.7009708693085948,17.711484443324277,1.2932755947113037,20,0.0,102.97917866706848,0.0,0.4435275262146191,0.6579055961976273,0.014871597290039062,5.2231855,17.61948,10.668545,16.784267,5.130077,5.187765598297119,0.6579055961976273,2.820442,-56.44825502916301,-2.7023857
-174.66607702925856,0.006906725,-10.844423601790883,-174.66607702925856,1.473342603799693,1,0.98897195,0.5138099193572998,0.07534844,0.7461939686903957,-1.8903152852055545,17.52112233249574,2.081270694732666,21,0.0,108.87721586227417,0.0,-18.455755158144953,0.7457475044219863,0.015219449996948242,0.6790576,17.424883,9.859832,16.704805,0.60370916,5.892756462097168,0.7457475044219863,2.8156965,-174.66607702925856,-1.8916365
-269.6025813273683,0.007946658,6.542462794543217,-163.14704357056752,1.4450304323740575,2,0.99176323,0.8572115898132324,0.09225583,0.5587911531834349,-1.1766262563016965,16.81158532515354,2.641511917114258,22,106.45553775680077,115.80555176734924,0.0,-26.466580317851605,0.5600331963993119,0.027275800704956055,1.9850005,16.718332,9.734719,16.799248,1.8927447,6.887913942337036,0.5600331963993119,2.8213341,-56.69150581376674,-1.1808072
-18.482818566597743,0.007055312,13.474046912328367,-18.482818566597743,1.4448201867088208,1,0.99372727,0.5041124820709229,0.060449243,0.527706045379275,-0.5231716628401536,16.549548668235566,1.8682129383087158,23,0.0,121.56135177612305,0.0,-2.9504989347753243,0.5331643209960191,0.014995336532592773,-1.2888452,16.453005,9.078418,16.865854,-1.3492944,5.750207901000977,0.5331643209960191,2.8252912,-18.482818566597743,-0.52340597
-45.29866809278819,0.0069508846,38.88832413916556,-45.29866809278819,1.493421064227479,1,0.98545986,0.5121641159057617,0.05721052,0.5357390561925728,0.2579415305525901,16.24562838152547,1.643019676208496,24,0.0,127.142094373703,0.0,-0.5550596389607088,0.5411484619269968,0.015130758285522461,-0.18417677,16.143993,10.293334,16.586344,-0.2413873,5.539175033569336,0.5411484619269968,2.8085797,-45.29866809278819,0.25481862
-10.51381191992776,0.006494337,19.34181206926154,-10.51381191992776,1.443476498385734,1,0.9837474,0.5014219284057617,0.05512023,0.5313640592367622,1.13896133779409,16.121580514976017,1.3529701232910156,25,0.0,132.38476276397705,0.0,-35.41177749159799,0.5327454815308588,0.014739513397216797,2.073434,16.022026,9.430255,16.528595,2.018314,5.235522747039795,0.5327454815308588,2.8050919,-10.51381191992776,1.1361006
-34.58908323126896,0.0070732376,36.45464028104078,-34.58908323126896,1.4619977795617043,1,0.9830278,0.514977216720581,0.03387022,0.7996323844329235,2.052070206860821,15.797456960603837,1.409318208694458,26,0.0,137.71019577980042,0.0,-0.10548891152570583,0.7974572707007805,0.015623807907104492,-4.365373,15.677033,10.226561,16.503746,-4.3992434,5.283008813858032,0.7974572707007805,2.8035874,-34.58908323126896,2.04906
-1.6128326654736564,0.0074475138,24.54220038780154,-1.6128326654736564,1.4507502458160983,1,0.9734231,0.4974987506866455,0.057627916,0.4580986732713732,2.67124846058263,15.719712338729199,1.509744644165039,27,0.0,143.0519437789917,0.0,-3.131075827852217,0.4608457039830882,0.015676021575927734,-3.162113,15.604854,10.174693,16.182621,-3.2197409,5.336463928222656,0.4608457039830882,2.783938,-1.6128326654736564,2.6715145
-10.122044948899246,0.006618116,23.400343410363895,-10.122044948899246,1.4595347456363592,1,0.97258216,0.5125722885131836,0.02507925,0.7445329815155063,3.4276347262628386,15.475614050142486,1.4677200317382812,28,0.0,148.44815397262573,0.0,0.8647924049612862,0.7578886029963102,0.015140771865844727,-2.358472,15.341404,10.705083,16.15502,-2.3835514,5.354739665985107,0.7578886029963102,2.7822309,-10.122044948899246,3.4232063
-133.7154002832077,0.0067071775,16.63494619034043,-80.24172302779981,1.4490930488347047,2,0.9768977,0.7519161701202393,0.06337333,0.5456669506057525,3.8739829650101103,15.108123777577463,2.1774799823760986,29,53.47367725540791,154.75038599967957,0.0,-3.248094361071808,0.547832930063368,0.0231626033782959,-1.8531644,14.966721,10.722185,16.298159,-1.9165378,6.297332286834717,0.547832930063368,2.791052,-26.768045772391893,3.8717759
-67.92525244936952,0.0064908057,30.235893244945515,21.339787192252487,1.5120178009723912,2,0.97587204,0.881993293762207,0.0728426,0.4895817862994852,3.8904986229204814,14.938844504621983,1.6823065280914307,30,89.26503964162201,160.85876774787903,0.0,-14.046337519810463,0.4897421380277836,0.027267932891845703,4.502916,14.767665,12.961903,16.263775,4.4300733,6.067851305007935,0.4897421380277836,2.7889402,110.6048268338745,3.8884883
-156.885214292999,0.006767567,0.25439666654923876,-155.7479045525615,1.4468486759626344,2,0.97408384,0.8989706039428711,0.06489885,0.45098367406250334,4.166505480857396,14.598949658880791,2.4467411041259766,31,1.1373097404375017,167.6686611175537,0.0,-0.7903907090582489,0.45346881424985414,0.026886940002441406,-0.89673984,14.442273,12.928017,16.204014,-0.9616387,6.804974317550659,0.45346881424985414,2.785259,-154.610594812124,4.166942
-24.664426513114776,0.0069057755,33.86596770242108,-24.664426513114776,1.4371637406222038,1,0.9748082,0.5017573833465576,0.06754637,0.4727913509171644,4.52214091718012,14.433112713309962,1.3033030033111572,32,0.0,173.04253911972046,0.0,-15.32268302894607,0.47269076172581526,0.014849185943603516,-2.1774375,14.269886,12.974982,16.227734,-2.244984,5.328644752502441,0.47269076172581526,2.7867217,-24.664426513114776,4.519031
-27.48933262885368,0.0066382154,8.67822959498421,46.01454681932245,1.4469310533604085,2,0.97842604,0.9922142028808594,0.043025017,0.5032521440600043,4.608640604173887,14.32893078514064,2.631002902984619,33,73.50387944817612,180.2114064693451,0.0,-0.679062106900002,0.5080500772315953,0.029282569885253906,1.0694172,14.150955,13.05287,16.348377,1.0263922,7.163455247879028,0.5080500772315953,2.7941287,119.51842626749857,4.6056805
-5.318867850249203,0.0066686077,23.992293827025602,12.039451412401784,1.4894891842492366,2,0.9811526,1.0117082595825195,0.05462265,0.5225329093420429,4.658781874250886,14.31956866121445,2.83945631980896,34,17.358319262650987,187.56027507781982,0.0,-1.912670402630027,0.5269553624775583,0.03071761131286621,4.286444,14.129869,15.747071,16.439032,4.2318215,7.308612823486328,0.5269553624775583,2.7996585,29.39777067505277,4.6550183
-51.0758160181536,0.006535952,-1.5476226085018407,-51.0758160181536,1.430044690976593,1,0.9855632,0.5054595470428467,0.04017496,0.6548501017884273,4.754239695872228,14.287914268874417,2.739435911178589,35,0.0,194.19633626937866,0.0,-3.640921748132789,0.6603650948944921,0.015393495559692383,5.249202,14.1082735,13.942392,16.58885,5.209027,6.6310577392578125,0.6603650948944921,2.8087308,-51.0758160181536,4.7544637
-195.25563963903795,0.0066767884,6.464002285640895,-37.08411411212485,1.52522136292775,2,0.98400456,0.9420745372772217,0.067952156,0.44087102326590005,5.083144970564161,14.244240541876168,2.838672637939453,36,158.17152552691311,201.50878024101257,0.0,-0.9360382890173868,0.4428943073187744,0.028979778289794922,3.1072013,14.032773,17.899977,16.537191,3.0392492,7.272212743759155,0.4428943073187744,2.8056118,121.08741141478825,5.079588
-0.44212444569402776,0.006981529,38.43750784253052,-0.44212444569402776,1.485638198166384,1,0.9817948,0.5059225559234619,0.031615257,0.5817497963852845,5.212051210552558,13.985535726866138,1.4049782752990723,37,0.0,206.78615140914917,0.0,-139.34673368438052,0.5817474795992907,0.015616178512573242,-3.4085653,13.795038,16.974886,16.463142,-3.4401805,5.271885395050049,0.5817474795992907,2.801124,-0.44212444569402776,5.20841
-9.722362897995092,0.009746031,25.027564621450168,-9.722362897995092,1.5481917346944418,1,0.980959,0.4907364845275879,0.06251311,0.7568574059047913,5.618155835398663,13.92896673033026,1.1538975238800049,38,0.0,211.83206367492676,0.0,-1.8724558621028908,0.754997317722896,0.014889240264892578,-2.2001274,13.701495,20.065481,16.434933,-2.2626405,4.9939820766448975,0.754997317722896,2.7994092,-9.722362897995092,5.61053
-37.34131015489956,0.0065777036,11.958331969764679,-37.34131015489956,1.4497868772142968,1,0.9836363,0.5056703090667725,0.028601646,0.7415633824688765,6.138137779770175,13.680264485787694,1.2762653827667236,39,0.0,217.01332211494446,0.0,-2.973473527080223,0.7437016654603725,0.015164375305175781,-1.9163944,13.486344,15.932543,16.524792,-1.944996,5.173175811767578,0.7437016654603725,2.8048618,-37.34131015489956,6.134799
-23.17696950504842,0.006809558,21.56501603794263,-23.17696950504842,1.4810085707417475,1,0.9894657,0.5002439022064209,0.02677083,0.5639110082794035,6.720219906851694,13.982006050902351,1.434584617614746,40,0.0,222.27253198623657,0.0,-0.4898587320131196,0.5757113106208824,0.015095949172973633,-2.6916704,13.772939,16.532446,16.719162,-2.7184412,5.218777656555176,0.5757113106208824,2.8165555,-23.17696950504842,6.7152076
-50.056281534911655,0.007005649,5.483708916604863,-50.056281534911655,1.471495721612417,1,0.98587847,0.512174129486084,0.033203363,0.7360598029478858,7.146039021267426,13.825487140059108,1.7961487770080566,41,0.0,227.85795283317566,0.0,-3.364344695817186,0.7387133254223542,0.015488624572753906,-1.5179361,13.615387,17.694805,16.60048,-1.5511395,5.5803282260894775,0.7387133254223542,2.8094316,-50.056281534911655,7.1390653
-35.77086383808132,0.006603779,23.568019834826334,-35.77086383808132,1.537022738559949,1,0.9944531,0.499861478805542,0.0398221,0.4969833583665964,7.617137151389126,13.826096367000025,2.0799100399017334,42,0.0,233.8112437725067,0.0,-9.069899579913038,0.49713202650801713,0.015016794204711914,-4.2288613,13.60447,19.677906,16.890333,-4.2686834,5.913312196731567,0.49713202650801713,2.8267415,-35.77086383808132,7.6123447
8.826558398099332,0.0066878907,37.913600818670105,8.826558398099332,1.538011615665705,1,0.998536,0.4945981502532959,0.032232285,0.5767360046814822,8.243300469564618,13.821119061453558,1.386385440826416,43,0.0,239.03174138069153,0.0,-2.4328996608252096,0.5811322173108874,0.015058279037475586,-3.4191284,13.58123,20.681364,17.029085,-3.4513607,5.215371370315552,0.5811322173108874,2.8349228,8.826558398099332,8.237259
-16.14884893595438,0.006984414,40.85941874550827,-16.14884893595438,1.5890897480794766,1,1.000402,0.5037369728088379,0.03229022,0.7751474998990707,8.399271509704372,13.721304204903094,1.3163654804229736,44,0.0,244.28620433807373,0.0,0.12791188209654525,0.7737304954370758,0.014957189559936523,-3.1461632,13.476894,22.696089,17.092499,-3.1784534,5.214280366897583,0.7737304954370758,2.8386397,-16.14884893595438,8.393838
0.7148012725025588,0.006616557,47.168356215098754,0.7148012725025588,1.6269389566900185,1,1.0005174,0.49295806884765625,0.042459726,0.40045471409986444,9.097677799162467,14.069963415931833,2.032224178314209,45,0.0,250.1162028312683,0.0,-3.9662101364913065,0.40312395425654474,0.014880180358886719,-2.8304472,13.799111,25.439793,17.09613,-2.872907,5.824667453765869,0.40312395425654474,2.8388522,0.7148012725025588,9.088325
-36.418416648330435,0.006524652,22.5606463590796,-36.418416648330435,1.6735613604729014,1,0.99887747,0.4896566867828369,0.046733856,0.7461432609173126,9.785210761603103,14.303475372203552,1.328153371810913,46,0.0,255.29354977607727,0.0,-0.9770067004724761,0.7429513467004929,0.01491093635559082,-2.8187652,14.002042,24.752771,17.040653,-2.865499,5.136415958404541,0.7429513467004929,2.8356018,-36.418416648330435,9.77152
-26.345939133285746,0.009354488,11.427044657804345,-26.345939133285746,1.654047828403895,1,0.9934139,0.4939296245574951,0.048637867,0.4702807038907844,10.600494316707014,14.718963857014343,1.111100435256958,47,0.0,260.2433030605316,0.0,0.2021678585272887,0.49344336005281936,0.015123844146728516,-3.5643337,14.4519005,25.553043,16.854588,-3.6129715,4.940889358520508,0.49344336005281936,2.8246229,-26.345939133285746,10.591994
-24.78263328985608,0.009559036,27.38019341362504,-24.78263328985608,1.6805163484588947,1,0.9892717,0.5040903091430664,0.034095287,0.474114699057223,10.96410274332002,14.861611936382936,1.5957932472229004,48,0.0,265.77650809288025,0.0,-1.04995021410395,0.47916573364775866,0.014725923538208008,-2.997081,14.576715,28.971285,16.714941,-3.0311763,5.492891311645508,0.47916573364775866,2.816303,-24.78263328985608,10.954477
-28.84935759046639,0.006433393,27.442986162377593,-28.84935759046639,1.6848725070182344,1,0.9851121,0.5014147758483887,0.03313017,0.7784383086510794,11.433127083546264,15.061250403931274,1.2208025455474854,49,0.0,270.91199016571045,0.0,0.7544439591950327,0.7708693438074725,0.015179634094238281,-3.025468,14.772351,28.873035,16.57458,-3.0585983,5.130160570144653,0.7708693438074725,2.8078701,-28.84935759046639,11.423847
-20.568793788446285,0.009373869,39.87127720097449,-20.568793788446285,1.666306554388345,1,0.98505014,0.5019853115081787,0.034170866,0.7933775488648185,11.636566489813413,15.232269948312252,1.4465587139129639,50,0.0,276.32957434654236,0.0,0.027408781411552008,0.7837541948314717,0.014859914779663086,-1.8826454,14.970201,28.901693,16.570948,-1.9168162,5.377087593078613,0.7837541948314717,2.807651,-20.568793788446285,11.625054
-23.867432709363634,0.0095892465,22.80991191160352,-23.867432709363634,1.6996501542332865,1,0.98076206,0.5134036540985107,0.06182623,0.4922639837054735,12.198208372549582,15.561554695459163,1.634270191192627,51,0.0,281.86348271369934,0.0,-1.0568813823741787,0.49894948050349563,0.015362977981567383,-2.7783628,15.303224,31.596565,16.426706,-2.840189,5.528966188430786,0.49894948050349563,2.7989085,-23.867432709363634,12.191416
1.336483587214275,0.009926555,36.34049944937176,1.336483587214275,1.6837049355281593,1,0.98921555,0.5085189342498779,0.055214167,0.37895843418874364,12.452850723538948,15.960181324842614,1.5576181411743164,52,0.0,287.31143498420715,0.0,-2.5081093426404912,0.3825406917547671,0.015006542205810547,-3.6970124,15.696438,28.67223,16.704357,-3.7522266,5.4052042961120605,0.3825406917547671,2.8156695,1.336483587214275,12.446831
-71.46686193975418,0.006479956,2.0889109490078,-71.46686193975418,1.7753689304483793,1,0.9911728,0.5097959041595459,0.046125174,0.7873759962355955,13.086878722476825,16.405659098674917,2.0556788444519043,53,0.0,293.2692708969116,0.0,0.47931571603893497,0.7843756692986107,0.014853954315185547,-3.380516,16.145288,32.94567,16.763092,-3.4266412,5.952348470687866,0.7843756692986107,2.8191795,-71.46686193975418,13.078521
6.110809102927649,0.0064598243,50.611605647325355,6.110809102927649,1.690031036666713,1,0.99020815,0.5057837963104248,0.06702089,0.36849308202236025,13.063797711839436,16.32103941488748,1.4525501728057861,54,0.0,298.610888004303,0.0,-33.19350679313753,0.36858497666272055,0.014972209930419922,-4.8664236,16.08169,22.62452,16.73057,-4.9334445,5.301451206207275,0.36858497666272055,2.8172376,6.110809102927649,13.06062
-64.25924814632955,0.006852539,4.705563973646692,-64.25924814632955,1.6935682998153594,1,0.9907733,0.5094704627990723,0.031264067,0.7758241394266111,13.319457857842835,16.675948694916773,1.671875,55,0.0,304.1713309288025,0.0,-0.19034852178029293,0.7811185730823765,0.015289068222045898,-2.6905222,16.46375,30.441574,16.748178,-2.7217863,5.555136203765869,0.7811185730823765,2.8182895,-64.25924814632955,13.311805
-68.84415353182757,0.009695937,0.11028788973309656,-68.84415353182757,1.7241999112411546,1,0.9882173,0.5089967250823975,0.04066682,0.7979449661492201,13.40845652162349,16.743182214464127,1.8808636665344238,56,0.0,309.9713499546051,0.0,0.8717570740305806,0.7940303966012527,0.014833450317382812,-2.005482,16.521894,32.35957,16.66906,-2.0461488,5.75892448425293,0.7940303966012527,2.8135543,-68.84415353182757,13.401276
-22.081739717699694,0.0064245616,20.925224163574136,-22.081739717699694,1.6988106719673286,1,0.99097645,0.4942138195037842,0.055344343,0.38314690699942083,13.43637311062992,16.790913857768814,1.332078456878662,57,0.0,315.09684205055237,0.0,-11.104286152561142,0.3857271045790285,0.014944791793823242,-2.8005545,16.59417,29.476162,16.761625,-2.8558989,5.120243787765503,0.3857271045790285,2.819092,-22.081739717699694,13.432198
8.244912358789708,0.0067108716,35.254452491713785,8.244912358789708,1.7580934070628604,1,0.98890674,0.49607110023498535,0.03806925,0.5792144634741785,13.337728831692264,16.680829777805034,1.6965696811676025,58,0.0,320.60867142677307,0.0,-1.455456514814479,0.5794471666681462,0.014790534973144531,-4.0551867,16.46954,36.79167,16.693193,-4.093256,5.470703363418579,0.5794471666681462,2.815001,8.244912358789708,13.334362
-34.00541521417719,0.006583823,19.782905541309965,-34.00541521417719,1.7436208500568766,1,0.9872136,0.5003597736358643,0.04523635,0.7767069673849504,13.321045963055804,16.63893760190444,1.8483996391296387,59,0.0,326.30265164375305,0.0,-2.455057912199677,0.7743729497511315,0.015266180038452148,-2.0563455,16.432896,31.705149,16.635979,-2.1015818,5.688730716705322,0.7743729497511315,2.8115678,-34.00541521417719,13.313092
-9.161211719424381,0.007992783,29.81822588898721,-9.161211719424381,1.6729302468968301,1,0.9897772,0.5018196105957031,0.04544854,0.5402810875392656,13.638320948268294,16.93822854876863,1.762784481048584,60,0.0,331.99368119239807,0.0,0.39201928146882625,0.548755916699972,0.01490473747253418,-2.9632668,16.761894,31.170023,16.727213,-3.0087154,5.650676250457764,0.548755916699972,2.8170369,-9.161211719424381,13.63716
-72.13382819955497,0.007014886,0.4394030933912455,-72.13382819955497,1.67756420550947,1,0.98504883,0.5182492733001709,0.038864136,0.7620322439217736,13.370966973093001,16.65247091528268,1.9768218994140625,61,0.0,337.87342858314514,0.0,-0.4218654534740447,0.765520810477281,0.015863895416259766,-1.938876,16.479149,28.255661,16.565916,-1.9777402,5.874541997909546,0.765520810477281,2.8073473,-72.13382819955497,13.370101
-21.634592658847033,0.009816405,40.34603117106732,-21.634592658847033,1.6673757209483857,1,0.9743662,0.5197014808654785,0.051347733,0.35039202445807804,13.64029952446476,16.714691975880143,2.0187273025512695,62,0.0,343.8505802154541,0.0,-0.6126927231468471,0.37443501481542674,0.01585865020751953,-2.647846,16.514563,29.242285,16.209053,-2.6991937,5.936343669891357,0.37443501481542674,2.78557,-21.634592658847033,13.636348
-19.035702822649753,0.0066937124,25.851312970842457,-19.035702822649753,1.7455375325037275,1,0.9751777,0.5146920680999756,0.052154064,0.5450992936552422,13.475471849355076,16.674611635999756,2.185716390609741,63,0.0,350.1091432571411,0.0,-0.9644235740101867,0.5488040995969031,0.015180110931396484,-2.0241702,16.469301,27.997587,16.233677,-2.0763242,6.2531654834747314,0.5488040995969031,2.787088,-19.035702822649753,13.472945
8.874972296098118,0.006819349,49.686323801414424,8.874972296098118,1.6659091976496856,1,0.97568595,0.5043437480926514,0.039955616,0.6475527720501144,13.93646223094025,16.92342856262238,1.8728241920471191,64,0.0,355.9172592163086,0.0,-0.7193099581740052,0.6501251094425003,0.015316247940063477,-4.883688,16.740658,27.326046,16.250486,-4.9236436,5.752692461013794,0.6501251094425003,2.788123,8.874972296098118,13.937984
-31.005475344551684,0.006444596,32.40062197431711,-31.005475344551684,1.6716578344868789,1,0.971724,0.5258259773254395,0.024304628,0.7578503734929666,14.166010393556014,17.017569424363963,2.5788092613220215,65,0.0,362.3993818759918,0.0,-1.297623161684117,0.750490402284144,0.01552271842956543,-2.559741,16.83485,26.690979,16.121466,-2.5840456,6.477023363113403,0.750490402284144,2.7801516,-31.005475344551684,14.164339
-52.80586559820137,0.0067422427,14.908963626554748,-52.80586559820137,1.6898732620186558,1,0.97044617,0.5051631927490234,0.026172638,0.7147842154969726,14.339571492411528,17.085672432691787,1.353172779083252,66,0.0,367.691210269928,0.0,0.8497683387287175,0.732259897910505,0.015131950378417969,-4.0042443,16.908445,25.530125,16.078358,-4.030417,5.252310752868652,0.732259897910505,2.7774742,-52.80586559820137,14.333386
-10.312546764351014,0.006527119,23.710768171255346,-10.312546764351014,1.634867834388112,1,0.9641719,0.5093028545379639,0.044435024,0.5783723933391374,14.65304865785412,17.35937135951951,1.3466262817382812,67,0.0,373.0194993019104,0.0,-8.501113922172877,0.5762383409781353,0.015441417694091797,-2.735979,17.176853,27.505337,15.873273,-2.780414,5.322801113128662,0.5762383409781353,2.7646368,-10.312546764351014,14.655659
-20.889237310568532,0.009900555,16.894623073583247,-20.889237310568532,1.6820182886720996,1,0.96598697,0.5182571411132812,0.07032108,0.6859693739646073,14.69778302029348,17.30349584291375,1.6713380813598633,68,0.0,378.6899666786194,0.0,-1.5883872772215097,0.6884926071360238,0.015463113784790039,-6.0178533,17.109314,30.311691,15.9322195,-6.0881743,5.6306843757629395,0.6884926071360238,2.7683434,-20.889237310568532,14.687362
-14.640808800041306,0.0066135065,42.983474509429946,-14.640808800041306,1.645216797877272,1,0.9659148,0.5161454677581787,0.029236794,0.5985096568170665,14.732439851729657,17.321097307761054,1.841421127319336,69,0.0,384.45428466796875,0.0,0.6072860557063815,0.6114005009277151,0.015268087387084961,-4.4307804,17.126738,25.7592,15.929633,-4.460017,5.759444952011108,0.6114005009277151,2.768181,-14.640808800041306,14.728189
-14.04724233531478,0.0067675197,25.23822112730038,-14.04724233531478,1.6258347114540377,1,0.95699215,0.5090780258178711,0.037846565,0.6751783355975919,14.629605271017468,17.299740820081517,2.052093029022217,70,0.0,390.4672386646271,0.0,-2.393140524047603,0.6815742211287809,0.01516413688659668,-5.435898,17.1389,20.726866,15.641751,-5.4737444,5.972735404968262,0.6815742211287809,2.7499437,-14.04724233531478,14.624918
-402.90489027286367,0.0065564658,-25.529342994735202,-221.6426290674765,1.7219048173151719,3,0.9505393,0.7185244560241699,0.09457588,0.48115510134614153,14.557257077501138,17.266550411582305,1.572134256362915,71,145.9980786932904,396.16699171066284,0.0,-5.856641544641708,0.48130518991984106,0.022341012954711914,-17.528713,17.063051,28.480267,15.430307,-17.62329,5.694403171539307,0.48130518991984106,2.7363336,-45.389346131226006,14.557035
-37.216819551038064,0.009260713,12.383022800181015,-37.216819551038064,1.6470103994379701,1,0.9477115,0.4965548515319824,0.054009438,0.7321175152008531,14.311231600552679,17.016019650796512,1.880152702331543,72,0.0,401.9603748321533,0.0,-4.101945864865321,0.7312130659426933,0.01510310173034668,-4.247566,16.869318,22.83363,15.338434,-4.3015757,5.752458333969116,0.7312130659426933,2.7303617,-37.216819551038064,14.306056
-66.29367824991421,0.009729787,-4.2313568560758155,-66.29367824991421,1.7310565251407122,1,0.95431614,0.48551034927368164,0.03785324,0.7706737540872913,13.882768609225245,16.592403679737984,1.4469337463378906,73,0.0,407.2174153327942,0.0,0.6900268151806919,0.7661365230888816,0.015082836151123047,-4.088097,16.421106,28.825314,15.553991,-4.1259503,5.25128960609436,0.7661365230888816,2.7443173,-66.29367824991421,13.879298
-44.58028837616323,0.006969325,18.40324209259503,-44.58028837616323,1.680052623854253,1,0.9421381,0.5158035755157471,0.0304358,0.6681056839087556,13.210118733079875,15.846270507996273,1.7326278686523438,74,0.0,412.86016750335693,0.0,0.6556469410552674,0.6856464811315045,0.015288114547729492,-3.7615876,15.66508,29.045444,15.159027,-3.7920234,5.603075742721558,0.6856464811315045,2.7185962,-44.58028837616323,13.20583
-15.445240599966805,0.00994608,23.353714444350402,-15.445240599966805,1.726223980326262,1,0.9303999,0.5110282897949219,0.08636665,0.386078320540023,13.123800143358404,15.69411011851857,1.7786824703216553,75,0.0,418.5122649669647,0.0,-5.232742587363563,0.386999067982522,0.015582084655761719,-5.679079,15.51963,30.217846,14.783004,-5.7654457,5.646613597869873,0.386999067982522,2.693478,-15.445240599966805,13.125889
-257.49351528217727,0.009836858,-51.768664941880516,-162.39645406951578,1.6386873691000996,2,0.9319393,0.5908820629119873,0.10770702,0.41808634423130886,12.738330081630735,15.247788133421789,2.3309738636016846,76,95.09706121266149,424.8689339160919,0.0,-23.65986326435358,0.4177613234148337,0.01810002326965332,-11.97662,15.07533,23.749218,14.832196,-12.084327,6.3156492710113525,0.4177613234148337,2.6968002,-67.29939285685428,12.735553
-520.7504255846736,0.0064601135,-61.785780854796144,-239.8535116253196,1.6498606087088032,5,0.9326103,0.8117954730987549,0.14037895,0.4251903945369138,12.781049620133524,15.211640512463553,1.8795907497406006,77,175.98672951719462,430.9562346935272,0.0,-34.48979517698857,0.4251301741005203,0.02595973014831543,-23.204983,15.0561695,21.21288,14.853659,-23.345362,6.082438707351685,0.4251301741005203,2.6982462,-18.18082181719713,12.782562
-32.102954189164365,0.0065033836,20.930134362095185,-32.102954189164365,1.667064651577321,1,0.93195057,0.527604341506958,0.057402134,0.6971764194482639,12.482041125087939,14.920276992106961,1.9056735038757324,78,0.0,436.8427515029907,0.0,-11.29252751275402,0.6988029519142777,0.015773773193359375,-4.3467674,14.739656,24.536016,14.832023,-4.4041696,5.832150459289551,0.6988029519142777,2.6967885,-32.102954189164365,12.485138
-39.62380629852479,0.006748958,12.438661717414211,-39.62380629852479,1.578363914701042,1,0.9302516,0.5018472671508789,0.036426544,0.7268879391027626,12.31896535403845,14.76517902390788,1.607121229171753,79,0.0,442.35553550720215,0.0,-1.0099522335113065,0.7345567709153003,0.014965534210205078,-6.2232,14.614882,16.082718,14.777735,-6.2596264,5.507528066635132,0.7345567709153003,2.6931217,-39.62380629852479,12.317293
-333.9875901172592,0.006460835,-54.47872297448821,-178.35758301193906,1.595752666595733,2,0.92855734,0.5845119953155518,0.07690239,0.39368520361547304,12.56586544672708,14.931031635529802,2.625542640686035,80,155.63000710532012,449.10598492622375,0.0,-155.9643000037051,0.39374186040621606,0.01754140853881836,-13.074187,14.769041,18.770351,14.717168,-13.15109,6.708514928817749,0.39374186040621606,2.6890147,-22.727575906618934,12.569459
-480.31521833629535,0.009692481,-96.4586861296302,-433.8163070203294,1.6828485898044638,5,0.9281189,0.4989290237426758,0.11949158,0.5231459342573921,12.546532496615841,15.01799736493527,0.48305249214172363,81,31.59263427707241,453.5329988002777,0.0,-18.04431319018745,0.5234049446615402,0.016328096389770508,-19.433155,14.825205,22.133957,14.704334,-19.552647,4.418114185333252,0.5234049446615402,2.6881423,-381.23472449886395,12.54668
-469.8277181661431,0.0098848585,-55.99920256749886,-399.05786218854377,1.640640048042033,4,0.929906,0.6432569026947021,0.12437916,0.6385573352604221,12.650043063507791,15.339951500020696,1.3280763626098633,82,69.69104206101952,458.96083521842957,0.0,-3.2694446276720575,0.6383364992802278,0.021340131759643555,-13.1575775,15.152697,20.899288,14.760147,-13.281957,5.387823820114136,0.6383364992802278,2.6919308,-300.3226181979853,12.651727
-23.44031774619983,0.009950866,16.582695304721085,-23.44031774619983,1.6787973394303821,1,0.9279446,0.50357985496521,0.05875492,0.5385400467637351,12.323060022078495,15.135549747789229,1.4415390491485596,83,0.0,464.4355540275574,0.0,-4442.376341951251,0.5385677966312581,0.015065431594848633,-6.183575,14.924229,21.278046,14.698702,-6.24233,5.469190359115601,0.5385677966312581,2.6877592,-23.44031774619983,12.320376
-497.6059092260665,0.009898844,-64.14225766558849,-372.1426201013241,1.7376494843734058,5,0.92535275,0.5307097434997559,0.160923,0.5982947490964512,12.471714838971348,15.493755246700502,0.5014703273773193,84,93.74839818238365,468.9894995689392,0.0,-185.9430687054134,0.5982688871920798,0.017239809036254883,-17.601698,15.293006,25.128683,14.615591,-17.76262,4.5043723583221436,0.5982688871920798,2.6820889,-230.5857919156721,12.46954
-458.06692035910845,0.0064830985,-24.221922951995474,-293.6242120745213,1.6439976883605132,4,0.9258638,0.9374547004699707,0.06400776,0.5066673242906498,12.555726257766684,15.731636975159082,2.2801406383514404,85,142.16395771638224,475.6085603237152,0.0,-413.3128684701098,0.506607264244152,0.029540061950683594,-11.772842,15.582337,18.882633,14.63133,-11.83685,6.614012718200684,0.506607264244152,2.683165,-70.00955325966417,12.559832
-466.59747483991555,0.006432042,-51.09302652895169,-331.64288816466114,1.7561203004508585,4,0.92616916,0.7911393642425537,0.06789303,0.7864363635466122,12.772925364772336,16.073539675578672,2.763899326324463,86,186.51651760705928,482.7120044231415,0.0,0.43875561955141185,0.7857905948006402,0.024988651275634766,-13.384307,15.89576,23.114676,14.639533,-13.4522,7.061575889587402,0.7857905948006402,2.6837256,-12.867906539154108,12.7742815
-466.81947241524495,0.009734047,-33.0927620545753,-277.4022021870322,1.6563040418386374,2,0.92577344,0.6385815143585205,0.05971861,0.6623789828669904,12.537723428876442,16.144710339685673,2.312784194946289,87,189.41727022821277,489.07956314086914,0.0,-0.11648463104484064,0.6624483113291525,0.019330739974975586,-5.26538,15.979172,17.790897,14.621255,-5.3250985,6.362537860870361,0.6624483113291525,2.6824763,-87.98493195881939,12.535662
-531.164233938734,0.009497483,-40.540853281272064,-516.1812592596373,1.7245520830403294,2,0.92466205,0.6055781841278076,0.058809757,0.714353085635842,12.334651637441581,16.259184582695138,1.671217918395996,88,14.982974679096714,494.86879992485046,0.0,-0.5085838951293298,0.71448767292765,0.018774032592773438,-2.8028324,16.090897,21.353828,14.587716,-2.8616421,5.7489752769470215,0.71448767292765,2.6801798,-501.1982845805406,12.332543
-38.8891303662533,0.0064972895,19.052576615020488,-38.8891303662533,1.768926099851266,1,0.9167017,0.506751537322998,0.04419279,0.4976307187247278,12.40226717980552,16.393595978919905,1.3415992259979248,89,0.0,500.14294695854187,0.0,-134.1598410779322,0.4973893509602528,0.015201807022094727,-7.3569307,16.212645,21.10512,14.344985,-7.4011235,5.268784523010254,0.4973893509602528,2.6634004,-38.8891303662533,12.404908
-56.8775581169786,0.009453389,36.91289987862832,-56.8775581169786,1.7414658434177468,1,0.9120327,0.5176875591278076,0.044958115,0.6450213105636373,12.329663903446797,16.400057246887837,2.240936756134033,90,0.0,506.2714159488678,0.0,0.005023697530854743,0.6587482438277683,0.015656471252441406,-6.3086734,16.238829,23.000326,14.1977005,-6.3536315,6.087787628173828,0.6587482438277683,2.65308,-56.8775581169786,12.330762
-47.54349017336288,0.009655525,32.93276673472904,-47.54349017336288,1.670716437662562,1,0.9155067,0.5049102306365967,0.039159775,0.6186087869129803,12.248525020800338,16.331271401435036,2.146557331085205,91,0.0,512.4616546630859,0.0,-0.22870367110442347,0.63393962684337,0.015020608901977539,-5.398417,16.171877,19.982777,14.296011,-5.437577,6.185056447982788,0.63393962684337,2.6599805,-47.54349017336288,12.252687
-88.81048954265793,0.006761033,10.376604811686068,-88.81048954265793,1.6405448246678722,1,0.9240685,0.5203971862792969,0.039755344,0.48619674598065943,12.068411115695172,16.25400475810182,1.9221522808074951,92,0.0,518.4352750778198,0.0,-0.11817993319794917,0.500957221637189,0.015327692031860352,-6.6772237,16.095034,16.640125,14.554106,-6.716979,5.932113170623779,0.500957221637189,2.6778731,-88.81048954265793,12.065986
-30.211264259951612,0.009399313,44.87563474271551,-30.211264259951612,1.721380952585718,1,0.92498744,0.5288064479827881,0.04735756,0.4109437350138701,12.125874015373428,16.52586529642589,1.899648666381836,93,0.0,524.3105070590973,0.0,-8.774526942361577,0.41124873293894226,0.01534414291381836,-6.3017774,16.372683,19.63841,14.58289,-6.349135,5.869736671447754,0.41124873293894226,2.679849,-30.211264259951612,12.128577
-79.80085468850709,0.009948906,23.21263980623648,40.34833206390505,1.6320577344463931,2,0.9223513,0.9034404754638672,0.055246353,0.8737523654409848,12.02760703660202,16.559052393833074,3.1296863555908203,94,120.14918675241213,531.7326543331146,0.0,-6.046976147744924,0.8731746036394482,0.026702880859375,-8.664818,16.428513,16.18162,14.490135,-8.720064,7.380119800567627,0.8731746036394482,2.673468,160.49751881631718,12.027053
-508.29268365869325,0.0064669447,-19.620498238033072,-324.08732622616697,1.6610514190383376,3,0.9254933,0.8663811683654785,0.093491554,0.3722332210546256,11.88906711155399,16.52820361429518,2.1136510372161865,95,170.28100116434345,538.1940701007843,0.0,-24.128554967987338,0.37221851163992753,0.0270388126373291,-3.3335903,16.399666,17.349285,14.589766,-3.4270818,6.456573724746704,0.37221851163992753,2.6803203,-97.65401527673399,11.890358
-35.3964476918123,0.009744178,11.770198694897289,-35.3964476918123,1.6363502301014867,1,0.9251228,0.5144600868225098,0.08109188,0.7033213999300341,11.694807705196817,16.619985293935017,1.5078716278076172,96,0.0,543.7373297214508,0.0,-6.160056154548922,0.7034187545339262,0.015656232833862305,-13.436022,16.49959,17.589657,14.579462,-13.517114,5.489581346511841,0.7034187545339262,2.6796138,-35.3964476918123,11.69461
-34.32692856967626,0.009576224,16.92592502474735,-34.32692856967626,1.6076261901547297,1,0.92808837,0.5083491802215576,0.04922867,0.6685106762580199,11.655432322928547,16.489398714829182,2.3080453872680664,97,0.0,550.0252540111542,0.0,0.6875115214068765,0.6738660657940976,0.015073299407958984,-10.547945,16.352482,16.843683,14.671256,-10.597174,6.28235936164856,0.6738660657940976,2.6858902,-34.32692856967626,11.653933
-75.57623736746943,0.0064467248,20.377464715728557,-75.57623736746943,1.58282015671381,1,0.923635,0.5032393932342529,0.03401184,0.5432426623013998,11.558567668350143,16.69364317281316,2.222947359085083,98,0.0,556.1650314331055,0.0,-0.6066512571059892,0.547274881142127,0.015180349349975586,-12.512451,16.56478,16.512386,14.523363,-12.546463,6.100425958633423,0.547274881142127,2.6757586,-75.57623736746943,11.5595665
-77.76149317300158,0.009396633,4.426907072365412,-77.76149317300158,1.5338366547968778,1,0.9177804,0.506162166595459,0.03911352,0.5069697499389475,11.288147853519236,16.593096256797583,1.4812850952148438,99,0.0,561.5651640892029,0.0,-2.0364106709885665,0.510955024995496,0.015030145645141602,-7.226128,16.49767,15.42083,14.354373,-7.2652416,5.395345211029053,0.510955024995496,2.6640546,-77.76149317300158,11.291165
-77.13850511573705,0.0091637485,14.52743830890434,-77.13850511573705,1.4913713358644223,1,0.92049456,0.4991881847381592,0.030099869,0.7152599017827106,11.26565557904417,16.296706546399513,1.5903899669647217,100,0.0,567.088561296463,0.0,-0.39497675132319743,0.7184066575705503,0.015346527099609375,-6.562541,16.168522,13.744918,14.453496,-6.592641,5.482281923294067,0.7184066575705503,2.6709363,-77.13850511573705,11.265233
-136.75621654504027,0.006436451,12.61082061875943,-136.75621654504027,1.515447694280385,1,0.9059063,0.5044240951538086,0.070578575,0.6014344785163233,11.46254547014942,16.485554171241265,1.7622933387756348,101,0.0,572.7607643604279,0.0,-0.11797741095391223,0.6126118699288763,0.015311717987060547,-6.651547,16.368816,15.206149,13.989107,-6.7221255,5.6660988330841064,0.6126118699288763,2.638279,-136.75621654504027,11.463578
-27.4273556902195,0.009866747,24.172002014718835,-27.4273556902195,1.4927259511948923,1,0.9057955,0.4886302947998047,0.04617977,0.6832883503210628,11.419017804081502,16.394006178322865,1.166764736175537,102,0.0,577.8556509017944,0.0,-15.555077853421075,0.6828261194867218,0.015182971954345703,-12.989035,16.297857,13.650116,13.992206,-13.035214,5.053210735321045,0.6828261194867218,2.6385005,-27.4273556902195,11.419716
-73.80303183230832,0.006559763,40.392146718309725,-73.80303183230832,1.5225808137086918,1,0.90074587,0.5076794624328613,0.0640049,0.5810285518020242,11.217658008542406,16.458976617570645,2.0510311126708984,103,0.0,583.8548352718353,0.0,-63.227507185476696,0.5812409540636836,0.015177488327026367,-7.393663,16.352524,15.416556,13.84676,-7.457668,5.99417519569397,0.5812409540636836,2.6280513,-73.80303183230832,11.220944
-105.26352175168557,0.006692224,30.045262721963542,-105.26352175168557,1.5524984421848744,1,0.9009851,0.5051515102386475,0.059700966,0.6786609055964549,11.248574071478245,16.191500205021907,1.208906888961792,104,0.0,588.946418762207,0.0,0.5664765851285787,0.6854267571583562,0.015471220016479492,-6.984782,16.088285,15.869761,13.852489,-7.044483,5.051339626312256,0.6854267571583562,2.628465,-105.26352175168557,11.25057
-171.01549441941728,0.00666291,34.75641514012918,-138.58840912742363,1.4594046651983397,2,0.9001576,1.011077880859375,0.06723881,0.5795136918269918,11.158530475572588,16.195240297544988,3.55436110496521,105,32.42708529199366,596.920836687088,0.0,0.43295024778159374,0.5827655405881433,0.030785322189331055,-9.419064,16.087255,13.43764,13.824827,-9.486302,7.968710422515869,0.5827655405881433,2.626466,-106.16132383542995,11.157904
-199.58424940054084,0.0067935674,29.178570733163866,-192.25515859946063,1.4370309957248755,2,0.8976246,0.8816854953765869,0.06489849,0.5134181403563861,10.904778750320904,15.73799873966451,1.9739570617675781,106,7.329090801080213,603.2784428596497,0.0,-0.4718440464897897,0.515477671453393,0.028280019760131836,-8.913119,15.64104,13.020838,13.74498,-8.978018,6.317348480224609,0.515477671453393,2.6206737,-184.92606779838042,10.908637
-55.66329423578791,0.0067232396,26.230398782375918,-55.66329423578791,1.5246519000135184,1,0.8997413,0.49203038215637207,0.03848648,0.5322213215638494,10.939222903433336,16.13581373869984,1.1203348636627197,107,0.0,608.2769846916199,0.0,-38.53097829195084,0.532749264131184,0.017065048217773438,-15.8485775,16.003632,15.182854,13.810796,-15.887064,4.9931800365448,0.532749264131184,2.6254506,-55.66329423578791,10.939884
-82.59757022036408,0.009502822,9.46867837576638,-82.59757022036408,1.5152578170947422,1,0.8986201,0.5126357078552246,0.07703781,0.5490402294148995,11.156420748150511,16.05457616246882,1.906101942062378,108,0.0,614.031457901001,0.0,-1.7308560482133757,0.5502432550493972,0.014896154403686523,-7.542666,15.961375,13.840243,13.778762,-7.619704,5.714306592941284,0.5502432550493972,2.6231284,-82.59757022036408,11.160147
6.311424262308019,0.0064103412,28.775507970887546,6.311424262308019,1.4982927182419172,1,0.91136354,0.5294482707977295,0.073521614,0.617486260066152,11.254345462107278,15.932657734097987,1.626849889755249,109,0.0,619.7076187133789,0.0,-5.485028503844456,0.6190251151780701,0.015860319137573242,-11.220726,15.816387,14.411308,14.177168,-11.294248,5.671149015426636,0.6190251151780701,2.6516328,6.311424262308019,11.251537
-221.86689327058582,0.008880443,20.91715004774299,-188.15988868962805,1.513329472200841,2,0.9134968,0.6671996116638184,0.05574751,0.5555003973245368,11.302780650433782,15.690220109341688,1.9045970439910889,110,33.70700458095777,625.8571271896362,0.0,-59.95402547667448,0.5553914038669286,0.021743297576904297,-6.1680145,15.563972,16.35674,14.244792,-6.223762,6.10914158821106,0.5553914038669286,2.6563914,-154.45288410867028,11.306359
-149.20426307569286,0.00993812,22.017595524976624,-132.4385066751495,1.486019147755957,2,0.9107997,0.6285591125488281,0.09992981,0.4951223784083289,11.393863855733521,15.793230976687806,0.9124341011047363,111,16.765756400543346,630.9174749851227,0.0,0.5658183786528296,0.49711952506275525,0.019636869430541992,-15.529088,15.69868,14.595515,14.154749,-15.629018,5.055436134338379,0.49711952506275525,2.6500502,-115.67275027460617,11.393744
-233.84877987405696,0.009760835,14.228773042867282,-221.04895717467699,1.4746217377039308,2,0.9141915,0.8195374011993408,0.03201008,0.744897753033854,11.367520714968427,15.558151519878415,2.001797914505005,112,12.799822699379973,637.24152135849,0.0,0.970722708721941,0.745171939970433,0.024740219116210938,-6.212024,15.458864,13.837591,14.26211,-6.2440343,6.2690911293029785,0.745171939970433,2.6576064,-208.249134475297,11.367352
-101.59949565744334,0.0064486647,7.85264952688071,-101.59949565744334,1.506580043068719,1,0.911183,0.516948938369751,0.04669857,0.5815094258310166,11.309948779408336,15.607121298804996,1.5443470478057861,113,0.0,642.7399213314056,0.0,-25.689294901312614,0.5821024470095494,0.01606583595275879,-14.692824,15.490004,15.762201,14.167612,-14.739523,5.492980241775513,0.5821024470095494,2.6509585,-101.59949565744334,11.310327
-214.48772843016775,0.0069323834,30.408904218363382,-202.56660397097073,1.5050867661128802,2,0.9110347,0.745964765548706,0.052956104,0.6147423342710889,11.492210553607425,15.607086189502079,2.0074265003204346,114,11.921124459197017,648.901093006134,0.0,-3.8745104626132463,0.6144264514670813,0.02381110191345215,-5.3603244,15.49277,15.950665,14.163381,-5.4132805,6.120564937591553,0.6144264514670813,2.6506598,-190.64547951177371,11.494932
-24.534823930322162,0.0068097743,19.091118209239454,-24.534823930322162,1.4293772376378993,1,0.9085818,0.5068628787994385,0.03841114,0.5046632394474689,11.55888666825502,15.60296737518819,1.8325936794281006,115,0.0,654.6094448566437,0.0,-1.4690889764963213,0.5108907962006479,0.015035152435302734,-10.975398,15.486247,12.961803,14.086332,-11.013809,5.703030347824097,0.5108907962006479,2.645205,-24.534823930322162,11.557325
2.6426243885490663,0.007822917,50.67007491817161,2.6426243885490663,1.5474954234630216,1,0.91300124,0.5111186504364014,0.05460739,0.4805684695073941,11.492953319732777,15.535656195649336,2.1897974014282227,116,0.0,660.6723785400391,0.0,0.41219859979601214,0.48664919791456557,0.015110969543457031,-14.056487,15.4115,18.13556,14.221706,-14.111094,6.01923942565918,0.48664919791456557,2.6547694,2.6426243885490663,11.491852
-31.712010677198396,0.00959088,23.80661827150677,-31.712010677198396,1.41221483624582,1,0.91767037,0.5351476669311523,0.04804325,0.6837868412340306,11.28003070753486,15.252598201417447,1.7704052925109863,117,0.0,666.3542804718018,0.0,0.5297300720462577,0.6795271833966521,0.015847206115722656,-9.065412,15.13618,13.615842,14.373287,-9.113455,5.677041053771973,0.6795271833966521,2.6653714,-31.712010677198396,11.2792225
-15.016718087846119,0.009626973,23.81705808785569,-15.016718087846119,1.5135140680108814,1,0.9224517,0.5254006385803223,0.03239155,0.5430781253258867,11.27955851496307,15.270159286876154,1.7505791187286377,118,0.0,672.0507092475891,0.0,0.6685154916963141,0.5521806847291608,0.016028881072998047,-9.045214,15.1539,15.635582,14.522244,-9.077605,5.65651273727417,0.5521806847291608,2.6756816,-15.016718087846119,11.282865
-3.0680625740112397,0.009994393,53.37647423242317,-3.0680625740112397,1.400084883534856,1,0.9292356,0.4840977191925049,0.07505226,0.44718608975657964,11.335216042775935,15.274744190970724,1.2242181301116943,119,0.0,677.1935539245605,0.0,-0.599095948923196,0.4525315379059972,0.014896631240844727,-12.872969,15.170911,11.834782,14.733626,-12.948021,5.137450218200684,0.4525315379059972,2.6901324,-3.0680625740112397,11.336094
-60.64435111663883,0.009869504,31.836141988599834,-60.64435111663883,1.4628427321164026,1,0.93035907,0.5197601318359375,0.058260918,0.5786914987406382,11.377514575838173,15.226521216018268,2.485959053039551,120,0.0,683.7471783161163,0.0,-0.09560810367111383,0.580008565528,0.015213966369628906,-8.723512,15.126738,14.384711,14.770405,-8.781773,6.513689756393433,0.580008565528,2.6926255,-60.64435111663883,11.376611
-64.52908785811252,0.008399972,11.623884907859567,-64.52908785811252,1.4612259790264226,1,0.9347311,0.5075435638427734,0.045877934,0.7822567615460746,11.542098486038997,15.300498540924783,2.143498420715332,121,0.0,689.7833616733551,0.0,-0.8940695996718162,0.7811950111482289,0.015295743942260742,-7.0448,15.200086,13.780103,14.900799,-7.0906777,6.030731916427612,0.7811950111482289,2.7014148,-64.52908785811252,11.542903
-93.3744261128954,0.009332186,2.3219557748258453,-93.3744261128954,1.3170375814123603,1,0.9384126,0.5165929794311523,0.050527096,0.8051210813889733,11.266526032366407,15.073343422150772,1.9181201457977295,122,0.0,695.7163171768188,0.0,0.7315146163942334,0.7840801045107206,0.01613140106201172,-6.512783,14.965436,9.857891,14.997708,-6.56331,5.888963460922241,0.7840801045107206,2.7078974,-93.3744261128954,11.271928
-82.2105687375214,0.009074164,6.636788639289037,-82.2105687375214,1.4099397635847377,1,0.9378772,0.5325014591217041,0.04829693,0.57121378524604,11.088063983199163,15.084325417919546,1.3401005268096924,123,0.0,701.2179853916168,0.0,0.28059429865743013,0.5882944961211999,0.016002416610717773,-7.3917656,14.976619,12.026729,14.96462,-7.4400625,5.496429443359375,0.5882944961211999,2.7056887,-82.2105687375214,11.089801
36.05179954032162,0.0064827413,42.1407940115785,36.05179954032162,1.3207837464350152,1,0.9388796,0.5204687118530273,0.041763306,0.5940292487995381,11.222289320273843,15.229504740794821,1.4330999851226807,124,0.0,706.7475447654724,0.0,-3.5526508297239934,0.5965637297707018,0.015868425369262695,-8.029291,15.120892,10.306651,14.999764,-8.071054,5.4880311489105225,0.5965637297707018,2.7080345,36.05179954032162,11.225269
-94.43199327822086,0.008621466,9.578259083016125,-94.43199327822086,1.34096003957833,1,0.9342909,0.5060911178588867,0.056849957,0.8758483870887789,11.146829379299048,15.053595900535786,1.6371774673461914,125,0.0,712.3411719799042,0.0,-4.360421282473277,0.8720030678298593,0.015445470809936523,-7.053246,14.971835,10.713789,14.84959,-7.110096,5.58722996711731,0.8720030678298593,2.6979723,-94.43199327822086,11.148049
-95.38874594312867,0.0065783504,10.617656328745474,-6.7430562650093435,1.37414459742598,2,0.94560623,0.8809041976928711,0.037229776,0.39291670534090195,11.240604538054326,15.219158836228711,2.761965751647949,126,88.64568967811933,719.3645820617676,0.0,-0.43413152290697976,0.39606016280029155,0.026727914810180664,-2.7359269,15.120745,12.27568,15.213403,-2.7731566,6.980188846588135,0.39606016280029155,2.7221768,81.90263341310998,11.242405
